,mean,std,2.5q,25q,50q,75q,97.5q,mc err
a(Con),1.1794475048936786,0.05043009469882022,1.1189994496388271,1.1197917182252421,1.2081296480241455,1.2093222697061856,1.2409944388739924,0.02255302397166276
a(Rem),1.3060338279587813,0.012949762774431488,1.2900520260255075,1.300189259759026,1.3047126961199191,1.305791149788901,1.329424008100552,0.005791309971225016
a(Uad),1.3466139536700463,0.046428445439906284,1.289022991974983,1.307175487464742,1.33773368988401,1.3891141172421686,1.4100234817843278,0.020763432018654115
a_std,0.20542340575505272,0.016671507123011433,0.18029352578342922,0.2037242617077215,0.20405979860616316,0.20617756745847698,0.23286187521947266,0.007455724642885102
a_subj(Con).1,1.360319109652434,0.03291051251267699,1.327829803666099,1.3359257523231751,1.3370067708012645,1.3987086946088718,1.40212452686276,0.01471802863054063
a_subj(Con).2,1.084521508336587,0.04930053554821573,1.01631463689625,1.0466559241531608,1.095392317727453,1.1055057667805033,1.158738896125568,0.022047869762591044
a_subj(Con).3,1.0442102652677605,0.06379258486248343,0.9716328796265393,1.012519787797099,1.0131732973716,1.067372714908073,1.1563526466354905,0.028528911242587402
a_subj(Con).4,1.2546516737932403,0.040316880891814705,1.1799792992030467,1.2612863985606022,1.2622024101866713,1.2672751935563489,1.3025150674595314,0.018030257262972003
a_subj(Con).5,1.2263712466378267,0.04653441481288376,1.1701093092807717,1.1790024131064913,1.23723869314859,1.2504210005322247,1.295084817121056,0.02081082296295625
a_subj(Con).6,1.2262476500095647,0.015421150880910586,1.209310426457444,1.2139373539168052,1.2250792870362806,1.2294823187677768,1.2534288638695164,0.006896548332199367
a_subj(Con).7,0.9538103573569238,0.04913743657789423,0.8981638027958381,0.9306842949750767,0.9380095123086768,0.957973150622486,1.0442210260825415,0.021974929685651227
a_subj(Con).8,1.128939238664824,0.06912039930979173,1.0802311574845966,1.0843244592402979,1.1012100427537468,1.1138693550321621,1.2650611788133161,0.030911582297724772
a_subj(Con).9,0.9349646765957644,0.09899873755640339,0.8348676557350319,0.8632251058316416,0.8662249596239395,1.0459216527309643,1.0645840090572447,0.044273581372555874
a_subj(Con).10,0.9422358025986728,0.028319835651849208,0.9104738698968031,0.9200483684997176,0.9314021544992985,0.96251996899129,0.9867346511062546,0.012665015525831378
a_subj(Con).11,1.0979671028883529,0.07094953612871374,1.0331064919327098,1.0446139395847338,1.0476775445841175,1.1558559328335183,1.208581605506685,0.031729597151176236
a_subj(Con).12,1.1444273494252886,0.11306639791999558,0.9571124302646862,1.071992200949878,1.214499671130061,1.2207275048200918,1.257804939961725,0.050564830344030184
a_subj(Con).13,1.5244247137612934,0.043679788497278604,1.4743829709173129,1.4956682064259454,1.5001181440402451,1.5636808722522928,1.5882733751706708,0.019534195264545667
a_subj(Con).14,1.1132833809502185,0.02672934585197151,1.0792200345942722,1.0917014114003167,1.1194621679314833,1.119515962678213,1.1565173281468082,0.011953726863822064
a_subj(Con).15,0.9142823304043823,0.033113708642986434,0.8578062386987949,0.9029825599134227,0.9258297952889758,0.9273766343273665,0.9574164237933512,0.014808900702567995
a_subj(Con).16,1.384801492766347,0.08312654192806855,1.3001467144846846,1.3058697653172706,1.3611025188170998,1.439368063622843,1.5175204015898371,0.03717531969712954
a_subj(Con).17,0.9133088225946293,0.08097623368139793,0.7611589561157001,0.9144702376191451,0.927232518453323,0.9769637813985876,0.9867186193863902,0.03621367261470276
a_subj(Con).18,1.0849460646722437,0.047712740225144996,1.0029842298772027,1.0708153566753678,1.0949700408774874,1.1098044098688469,1.1461562860623147,0.021337786107242566
a_subj(Con).19,1.0938942549623447,0.03249770090139256,1.0434054855787067,1.074752523820321,1.103768607247564,1.108246871680694,1.1392977864844378,0.014533413665593992
a_subj(Con).20,1.4104910875703314,0.05098495222586904,1.3725832681499486,1.3737142775678155,1.3863896193178635,1.4111626682378493,1.5086056045781806,0.022801163801324475
a_subj(Con).21,1.067566929798273,0.09306225688713783,0.9521748263199538,0.9567917500244639,1.1223304830783611,1.1495422552673786,1.1569953343012074,0.04161870650783763
a_subj(Con).22,1.1065954834722658,0.06208854972339537,1.0455301462986448,1.055354607378118,1.084488601004576,1.1325819946969151,1.2150220679830757,0.027766843561177562
a_subj(Con).23,1.0808499351365808,0.06474777083721202,1.0079145921311143,1.0092872179581471,1.081980561432488,1.141529254618196,1.1635380495429581,0.028956083396716906
a_subj(Con).24,1.4988200339965487,0.04926888605441879,1.4472576577201388,1.4562383541588142,1.485769836135144,1.5228399243551685,1.581994397613478,0.022033715678674362
a_subj(Con).25,1.2070348996242717,0.027796319125051802,1.169355077397352,1.1805739571253486,1.2174843959165929,1.2240657954909404,1.2436952721911247,0.01243089181757866
a_subj(Con).26,0.9766245415250786,0.03140837663782796,0.9334785996171134,0.965892073715273,0.9706028503204528,0.9828532868315878,1.030295897140966,0.014046253045019922
a_subj(Con).27,1.12965003086513,0.07884580872425755,0.9806054606012518,1.1325158706518133,1.1539499307155692,1.1700577512427528,1.2111211411142633,0.035260917609677166
a_subj(Con).28,1.4909254805783518,0.04592644338501498,1.4192307949554759,1.4534944417673237,1.52246840272003,1.5292275689635404,1.5302061944853884,0.020538929874737807
a_subj(Con).29,1.488644233934202,0.0378192034428535,1.442779509898838,1.4472986393171474,1.4945870573013147,1.5286035945828322,1.5299523685708787,0.016913261950622902
a_subj(Con).30,1.008318416374817,0.05788724800120575,0.9165478358438226,0.9668185767292092,1.032930893942313,1.0555219765990778,1.0697727987596617,0.025887964312216977
a_subj(Con).31,0.8310907834661707,0.06596477283978146,0.7627442468946324,0.7780078509895023,0.7942272491819439,0.8964450430114095,0.9240295272533657,0.029500343238016636
a_subj(Con).32,1.1871178172203252,0.07505067500583414,1.0915631358226903,1.1240756273711352,1.173355906266774,1.2705733175113896,1.2760210991296368,0.03356368221405791
a_subj(Con).33,1.0950028451408191,0.055490256263938414,1.047131251602806,1.0516563830699617,1.0530921302798466,1.1441446204149037,1.1789898403365777,0.02481599701900996
a_subj(Con).34,1.0822481958401227,0.07329830001180708,1.0137059086648275,1.028324843975109,1.0287624553591033,1.1488082078973687,1.1916395633042054,0.03277999629231485
a_subj(Con).35,1.240194455183938,0.04618002172800944,1.19639617530002,1.2153373724599996,1.2279443419986182,1.2321503123975934,1.3291440737634583,0.02065233355724928
a_subj(Con).36,0.8411638720885991,0.10461404914835329,0.7347719964916267,0.7902914269632799,0.790390727093637,0.8540904710763704,1.036274738818082,0.04678482505944438
a_subj(Rem).1,1.2749983160857887,0.026252323911558635,1.231142330391473,1.2636470268897972,1.2788405444817341,1.2952138206561554,1.3061478580097847,0.011740396166717657
a_subj(Rem).2,1.152319195743343,0.04156610090202633,1.0966964969148596,1.1275774325797183,1.1377025782154697,1.1896039525781599,1.2100155184285069,0.01858892543530924
a_subj(Rem).3,1.3963479062421813,0.061651849854750994,1.3403009882945756,1.3510910871600963,1.358836210945314,1.4285176924303666,1.502993552380554,0.02757154544276675
a_subj(Rem).4,1.3287127742927525,0.03666792873395132,1.2836836650595522,1.2933776720228063,1.3303842889783257,1.3548790121202063,1.3812392332828716,0.01639839624864659
a_subj(Rem).5,1.471112375797529,0.07599382332679568,1.3358941513387628,1.4462480168348417,1.4936046516236432,1.5389985458806632,1.5408165133097333,0.03398547096576487
a_subj(Rem).6,1.2099664223763777,0.028707182901347512,1.1736234301760402,1.1790827154701007,1.2245775162521784,1.2251339760008375,1.2474144739827318,0.012838242481986534
a_subj(Rem).7,1.087575715077382,0.03731676412549769,1.0526965523633949,1.0588630410045654,1.0635289717764722,1.115532714040272,1.1472572962022038,0.016688564256987667
a_subj(Rem).8,1.41775337392467,0.04944021190746199,1.368695989622075,1.372223007303355,1.3933654580605437,1.4713396632849107,1.4831427513524658,0.02211033492941591
a_subj(Rem).9,1.0311365010084583,0.10767972965132218,0.8899049854766964,0.9251468555914749,1.0581409993978572,1.1110989967030833,1.1713906678731794,0.04815583905983122
a_subj(Rem).10,1.016026755693039,0.05760015996982088,0.9593373357340931,0.9731466881157608,0.9751372264965434,1.085955994714536,1.0865565334042608,0.025759574641476345
a_subj(Rem).11,1.5431425148122078,0.021099068945445176,1.510483292245377,1.531086368081259,1.5436202591486785,1.5610681132275206,1.5694545413582037,0.009435790484794043
a_subj(Rem).12,1.3302613364305027,0.04611950492817741,1.2540837584690347,1.3136540163138535,1.3280055212909612,1.3736127649898204,1.3819506210888446,0.020625269621608246
a_subj(Rem).13,1.8630105485186672,0.060796364066016996,1.7771525678847344,1.8185975236829137,1.8588847071022492,1.92355310947878,1.9368648344446577,0.027188960567287902
a_subj(Rem).14,1.2602482500231005,0.012887583364228319,1.236014458776785,1.2610211304994048,1.2619502694835034,1.269912480327909,1.2723429110279014,0.00576350249362199
a_subj(Rem).15,1.0849630145158145,0.03378223959778211,1.0427854338950715,1.0559110967862662,1.085028507885368,1.1039457061982703,1.1371443278140962,0.015107876834565189
a_subj(Rem).16,1.4242890948266864,0.04085546104262549,1.3777434098396886,1.3833690658694673,1.4219273456537305,1.4539576714160778,1.4844479813544673,0.018271117628681003
a_subj(Rem).17,1.083714741192266,0.027714413969764057,1.0583405148310008,1.0611241488771337,1.0646231277667688,1.1111813882404986,1.1233045262459287,0.012394262718592446
a_subj(Rem).18,1.1428039079466839,0.07862009422814357,0.9905923323223679,1.145490982743256,1.181290051282034,1.1918396342530795,1.204806539132681,0.035159975018313576
a_subj(Rem).19,1.2038911181991117,0.04849600985411003,1.1252252415263109,1.1687817476144051,1.2391020204520662,1.24068924029622,1.245657341106556,0.021688074934257937
a_subj(Rem).20,1.6474941824804195,0.03987227451387251,1.604369816146351,1.6282989642300798,1.6324550982397175,1.6508007298727276,1.7215463039132213,0.017831423246110263
a_subj(Rem).21,1.0966396542202022,0.039693244726904914,1.0299956476853607,1.0873872139227714,1.0917202637248644,1.1315277476173293,1.1425673981506852,0.01775135869137889
a_subj(Rem).22,1.1093395231862082,0.04054836494889706,1.0430093039405812,1.0978396103056838,1.1145288983831363,1.123036527453408,1.1682832758482329,0.018133780080440722
a_subj(Rem).23,1.2287989200304716,0.10591244420916336,1.061559159491156,1.1457600523062674,1.3004288995542301,1.309934400807241,1.3263120879934631,0.04736548498296864
a_subj(Rem).24,1.3414751626048491,0.013287659669243904,1.3238164725602415,1.3345657812879657,1.3363196985310286,1.3510968194481516,1.361577041196859,0.005942422056462348
a_subj(Rem).25,1.1625940499120746,0.02693173634711252,1.1311447100276535,1.1315462075104206,1.170400938837855,1.182287366491812,1.1975910266926322,0.012044238644849093
a_subj(Rem).26,1.1681338183505159,0.016392840697675756,1.1405036233315546,1.1581410524787676,1.1789324974105595,1.1801387338332727,1.1829531846984238,0.0073311012288656136
a_subj(Rem).27,1.310758686398198,0.03868401668559036,1.2668054736761465,1.284322544062215,1.2880398172715009,1.3566829236443028,1.3579426733368236,0.017300018190343228
a_subj(Rem).28,1.4617608961202326,0.047976179562664575,1.4105248834013875,1.4178394441882922,1.460487047627476,1.476041141093401,1.5439119642906074,0.021455599760570824
a_subj(Rem).29,1.5307102262438104,0.034419130398708926,1.4772379243656657,1.5164905156865516,1.5321224019010198,1.545637610092403,1.582062679173412,0.015392703059588519
a_subj(Rem).30,1.2670673161081094,0.02227222562150433,1.2245136567138462,1.266369506895066,1.2781681531966642,1.2793413710541996,1.286943892680772,0.009960442099979237
a_subj(Rem).31,0.9056808417279985,0.078009527887026,0.8120646164854977,0.850742752029535,0.868703297890653,0.9926646081005008,1.0042289341338055,0.034886921449611134
a_subj(Rem).32,1.4707303181604037,0.007836857511416833,1.4584491271845377,1.4671312068919569,1.4704308355990507,1.4763384756278,1.4813019454986724,0.0035047492251015747
a_subj(Rem).33,1.2097316700412692,0.015136988161348678,1.1878103274924983,1.1981774867491932,1.214072536485225,1.2176529358020929,1.2309450636773367,0.006769466900677039
a_subj(Rem).34,1.0868074168950634,0.032585508883964075,1.0435309968599515,1.0556009598200011,1.0918361614337848,1.1179877301136034,1.125081236247976,0.014572682589193395
a_subj(Rem).35,1.1981598280376375,0.07471919047772586,1.1186358395834253,1.1351062039994035,1.1869837307787712,1.2217921709748436,1.3282811948517446,0.033415437826390004
a_subj(Rem).36,0.9767932936353049,0.027148044770806515,0.9467008514283985,0.9553927396189971,0.9735248833030778,0.9840313238761277,1.0243166699499229,0.012140974712746213
a_subj(Uad).1,1.5174074526616284,0.038443952358915005,1.4772118885314027,1.4870771916405672,1.4965581702331863,1.5520342303680676,1.5741557825349184,0.01719265815965947
a_subj(Uad).2,1.1071644145216748,0.04955113826694668,1.0307308871861698,1.0700024503754693,1.1243935831379865,1.1478175528770305,1.1628775990317177,0.02215994270547678
a_subj(Uad).3,1.3479562550391193,0.034476153082895845,1.2901913384398482,1.3285221385199875,1.3612158441072424,1.3778508593095866,1.3820010948189314,0.01541820437920881
a_subj(Uad).4,1.4416748215426203,0.020750521724342795,1.413179690042592,1.4322719563431305,1.4399694328316428,1.4462218109181284,1.4767312175776082,0.009279915428843329
a_subj(Uad).5,1.347766656707376,0.06747196957959929,1.2359724848254094,1.3257234262091184,1.3428206028069705,1.4092969218988103,1.4250198477965725,0.030174382111156382
a_subj(Uad).6,1.3015861189389244,0.030946443191512324,1.2561711507025508,1.2780723883916945,1.307946984432263,1.3235113664552371,1.342228704712876,0.01383967012761142
a_subj(Uad).7,1.103006627197956,0.05785002664265664,1.0141871106001146,1.0670741919319513,1.1224869228383998,1.1270720268939654,1.1842128837253492,0.025871318414630837
a_subj(Uad).8,1.4485215015092634,0.044656131302348585,1.3627833603955133,1.4512263391057154,1.467438834364472,1.4705992314058849,1.4905597422747325,0.01997082904084153
a_subj(Uad).9,1.0742858923259266,0.015869196671546466,1.0548959623369534,1.0553134465422371,1.0830701323900331,1.0869967396062494,1.0911531807541608,0.00709692050117826
a_subj(Uad).10,1.095615645367226,0.02186918723909632,1.067604887443511,1.086826891414776,1.0877370865755152,1.1026359779320116,1.1332733834703166,0.009780197855858064
a_subj(Uad).11,1.3848528446114485,0.04476004738567173,1.3440783847398845,1.3509214981955924,1.352209744884775,1.4248168893195017,1.45223770591749,0.020017301726094745
a_subj(Uad).12,1.2652632948769322,0.061665761180822315,1.216922703141401,1.2180292374669517,1.2182522203830688,1.304384149428262,1.3687281639649784,0.027577766776917277
a_subj(Uad).13,1.7070227740593598,0.03683806234286632,1.6498663258889261,1.6770442896752429,1.7298363375023325,1.7352740370917101,1.7430928801385874,0.01647448231160485
a_subj(Uad).14,1.2823004018204418,0.011840147584986006,1.265637039648895,1.275325806454806,1.2798056592550313,1.2916959136157633,1.2990375901277134,0.005295074972731736
a_subj(Uad).15,1.0528143080364667,0.04826027295401527,0.9974300789810003,1.015265744056435,1.0303983316723344,1.1079571965791108,1.1130201888934526,0.021582650187574545
a_subj(Uad).16,1.6237001339123747,0.022884357219680858,1.6006645230795749,1.607188865431023,1.618974593221656,1.625676317226796,1.6659963706028236,0.010234195672918897
a_subj(Uad).17,1.034109002385557,0.07570069755910282,0.9685661946361623,0.9695144626501282,0.979062506651138,1.1246985184413942,1.1287033295489635,0.03385438113726126
a_subj(Uad).18,1.2455396691231946,0.0410817801502511,1.1845117699592094,1.219903403176263,1.2457887849640188,1.276036995793259,1.3014573917232228,0.018372330610532596
a_subj(Uad).19,1.2764882011346785,0.0633249889193729,1.1640861362289017,1.2781901877199906,1.2823587574920299,1.2982103540051437,1.3595955702273272,0.02831979597962775
a_subj(Uad).20,1.5403030479059034,0.02870482744198273,1.4968055281887869,1.5301930132128703,1.5303650090832552,1.5701006554123376,1.5740510336322662,0.012837189088534956
a_subj(Uad).21,1.1840682182107798,0.005866369312496033,1.1754826579385946,1.1793950669717608,1.1851895079740116,1.18924097629982,1.1910328818697118,0.0026235201127719674
a_subj(Uad).22,1.2349682411910048,0.04421570837066986,1.1881259239512885,1.2067620698679287,1.2310621895530944,1.231706848467412,1.3171841741152996,0.019773865918024856
a_subj(Uad).23,1.3123189624334837,0.043422674957596386,1.2258758737940745,1.3275015716304466,1.332493241746916,1.3353299843801527,1.3403941406158286,0.01941921059401266
a_subj(Uad).24,1.5939806078273886,0.053824085265912286,1.5119649347477702,1.5516040257306947,1.6151651283153867,1.635886195050637,1.6552827552924538,0.024070862696264943
a_subj(Uad).25,1.1927715243865245,0.032667567701583036,1.168043158988817,1.1749461840176947,1.175083255634832,1.1891346052767537,1.256650418014524,0.014609380408063246
a_subj(Uad).26,1.0466920722087605,0.030215166089452537,1.0233263807159982,1.025454112924669,1.027553433373757,1.0543769852221918,1.1027494488071854,0.013512633065492472
a_subj(Uad).27,1.2611885029840555,0.05609702160272079,1.1941740105495466,1.2085776105415649,1.2553330985577542,1.3070687232512994,1.3407890720201125,0.025087350727791575
a_subj(Uad).28,1.6124569913224747,0.04250860233144722,1.551112848811173,1.5895992360542615,1.6176842009489611,1.623629134891099,1.680259535906878,0.019010424888324405
a_subj(Uad).29,1.471034752076181,0.020032954101896,1.4563229986333996,1.4574429260009987,1.4619346337944967,1.4694499998863721,1.5100232020656383,0.00895900943239454
a_subj(Uad).30,1.296945199506172,0.036730215106128616,1.2290529348033232,1.2995866850056794,1.2997464350528454,1.318912898780627,1.3374270438883857,0.016426251561098646
a_subj(Uad).31,0.9423120872941133,0.062119134248853895,0.8797292043353176,0.8957220047307889,0.9007548055022843,1.0099354485917722,1.0254189733104042,0.027780521376774527
a_subj(Uad).32,1.3685692340240627,0.0672348658663589,1.269921778456225,1.305850575664744,1.4094978077353228,1.4265590300104651,1.4310169782535564,0.03006834610705176
a_subj(Uad).33,1.3535136249571567,0.08433323135784689,1.2415854022330592,1.3033513443207694,1.3196320047938692,1.442395090864089,1.460604282573997,0.0377149676156725
a_subj(Uad).34,1.2673142674719817,0.06678436572053793,1.1817042418884065,1.1951385357469912,1.2905019453122957,1.3254931402362073,1.3437334741760065,0.029866876317065905
a_subj(Uad).35,1.2518548500736888,0.05613980263840047,1.1925317464745568,1.207060905301278,1.224329637527372,1.2975491410268385,1.3378028200383985,0.025106482988577098
a_subj(Uad).36,1.027361924553794,0.07132216663731186,0.967634650298509,0.9694566316850204,0.9727432063376374,1.094840449393469,1.1321346850543335,0.03189624258071938
v(Con),2.0749081713908746,0.02799230024378644,2.029207747291142,2.057061448762545,2.088683289001085,2.0933743422291835,2.106214029670416,0.012518537238338082
v(Rem),1.953803133192753,0.11826671204016478,1.758936941106147,1.9191250891867142,1.9365411170772993,2.075619428388451,2.078793090205154,0.05289048151944026
v(Uad),1.882853453992712,0.08086558954998059,1.7741031299260994,1.8408991184295749,1.852277658049793,1.9439704915268707,2.0030168720312203,0.03616419105487064
v_std,0.5483923702695304,0.17962931920263217,0.26113626210609375,0.4252325265641542,0.6157677089641744,0.7082684637102481,0.7315568900029815,0.08033267369781877
v_subj(Con).1,2.056405392112794,0.10553581555541121,1.8981008393556984,1.9865248700435858,2.069214360111444,2.129539721565732,2.1986471694875105,0.047197051528555835
v_subj(Con).2,2.033445099309302,0.04779294176133191,1.9843992800661083,2.009096207880332,2.0162221536480445,2.0339205925843125,2.123587262367714,0.021373653324605335
v_subj(Con).3,3.001994061756492,0.2419236703335841,2.5400151697384357,3.0534678604899566,3.078113009903017,3.0829893344261166,3.2553849342249355,0.10819155444642865
v_subj(Con).4,2.043574083240685,0.04518187526807799,1.9761239787913132,2.004597467792374,2.0635826156418338,2.085382607868322,2.088183746109581,0.02020594889006778
v_subj(Con).5,3.1173411212305413,0.3147068842412213,2.5302759957284375,3.0727693289619498,3.230252651437775,3.351376150373764,3.40203147965078,0.1407411972301056
v_subj(Con).6,2.7986940983245776,0.13636550407630793,2.549092425149193,2.7647800346367264,2.8716921546636,2.872023082603372,2.935882794569997,0.06098450738012984
v_subj(Con).7,1.9868863107967123,0.0973970466370498,1.810317438115046,1.9786891934952626,1.9963636183697098,2.0553697088282297,2.0936915951753123,0.043557283417632126
v_subj(Con).8,2.596743609737194,0.25331813540772746,2.420931107549511,2.4627387007493544,2.472374896639507,2.5290063144497394,3.0986670292978586,0.113287314141035
v_subj(Con).9,1.2535036399350208,0.24293535048375575,0.8754785404716012,1.160136771519562,1.3026171239122777,1.3035592369373474,1.625726526834315,0.10864399156388285
v_subj(Con).10,3.071982461698083,0.22720922933035756,2.6338591362591566,3.1182194054620203,3.142705294209158,3.171508792182025,3.293619680378055,0.1016110563796037
v_subj(Con).11,2.0470572402681197,0.06694255709238368,1.9978438667554783,2.013657829278196,2.016058503204758,2.028184925138769,2.1795410769634,0.029937621649246116
v_subj(Con).12,2.7089528139268593,0.1983067727521,2.4083626421488216,2.6376851287950336,2.7236037619441746,2.751208719577646,3.02390381716862,0.08868548485445973
v_subj(Con).13,1.634673238616326,0.15280907023686374,1.478965405242712,1.5434774931686683,1.5714192411770014,1.6630801334086862,1.9164239200845636,0.06833829372563344
v_subj(Con).14,0.918247718900983,0.14857552664942816,0.7289643797605848,0.8208141053897162,0.8579711347182649,1.0670825715914987,1.1164064030448504,0.06644499547619058
v_subj(Con).15,1.8451944752145728,0.13569056141542016,1.651574464895729,1.736083388736976,1.8781061439874935,1.9292059334257636,2.0310024450269024,0.06068266384599791
v_subj(Con).16,1.7845640905598557,0.12897348715096396,1.6022088992139596,1.678123548224517,1.8034320989438246,1.8895170644053871,1.9495388420115902,0.05767869691295022
v_subj(Con).17,1.4215179820616335,0.07385592371242308,1.3292216962847088,1.3949005778446393,1.4125900196936048,1.4154568669639882,1.5554207495212264,0.03302937319240333
v_subj(Con).18,2.367282233110489,0.09254220033962297,2.23286974216815,2.321631984527599,2.3385121624053973,2.467435832883618,2.47596144356768,0.04138613014936022
v_subj(Con).19,3.2051509257657513,0.3314989659887609,2.595411611867443,3.1315439512015306,3.3370928161431532,3.443264981130834,3.518441268485795,0.14825084448435202
v_subj(Con).20,2.1492544179918376,0.05983434959213495,2.053951006948844,2.1143350664995997,2.1644081211275545,2.187442542906329,2.2261353524768617,0.026758734615500112
v_subj(Con).21,3.0987217573912917,0.18671620828782898,2.7372997616067116,3.1193529986209385,3.1573862892306335,3.236315361037498,3.243254376460678,0.08350202684651904
v_subj(Con).22,1.3198209095018,0.08974021538898047,1.2508037661271536,1.2579202394601101,1.2841092539740702,1.3122690935873627,1.4940021943603048,0.04013304438504661
v_subj(Con).23,2.382846724016841,0.07725358977822722,2.2993336086477383,2.300419564425795,2.371707502397393,2.4597836218274822,2.4829893227857966,0.03454885564999979
v_subj(Con).24,1.196753389623801,0.16212791683967004,0.9356133548023975,1.0829437687868635,1.2788389204194823,1.3250494749586377,1.3613214291516238,0.07250580862078701
v_subj(Con).25,0.6762152373262912,0.3017703975515101,0.18220399007389665,0.5148744883279606,0.7737916837902481,0.8546764977469673,1.0555295266923834,0.13495582450446253
v_subj(Con).26,1.8044992038505339,0.07877827028574169,1.7257440080950859,1.7503539737363596,1.7532269519493298,1.86261966934947,1.9305514161224233,0.03523071350175404
v_subj(Con).27,2.3059133288857394,0.0569704055446955,2.2457320812459507,2.2637008364246394,2.275356510021509,2.3494450503540665,2.395332166382533,0.025477939900734013
v_subj(Con).28,1.9804540759646858,0.11380177347841827,1.856210554556836,1.9011632625277017,1.9223038016414007,2.059287435235291,2.1633053258621997,0.05089370029155519
v_subj(Con).29,2.635973217423066,0.09669146612923943,2.5522896086399074,2.5807133436505842,2.58334378231386,2.64352802305903,2.819991329451949,0.043241738221819565
v_subj(Con).30,2.538971536952885,0.23771754444197132,2.1911932392034643,2.3232535768636864,2.6486062607702348,2.760939779983905,2.770864827943135,0.10631051776331503
v_subj(Con).31,1.6766897783351502,0.129799155395553,1.507988209351593,1.5635365193776354,1.6728773864802995,1.7866767007886146,1.8523700756776096,0.05804794697730302
v_subj(Con).32,2.0960459121363795,0.19333866104683006,1.7748850674039933,1.968545386597028,2.2293915165398017,2.2520529227859605,2.255354667355112,0.08646367775590053
v_subj(Con).33,2.292943257526515,0.09012418099426389,2.2187635889598543,2.2250689311471765,2.230176342089419,2.342501067321837,2.4482063581142874,0.040304759023933726
v_subj(Con).34,1.8056233628035219,0.10863604788504315,1.669900578856118,1.686642302153611,1.8525595566388897,1.8731404246408747,1.9458739517281156,0.048583517575575746
v_subj(Con).35,1.2457553315225787,0.24004302496337546,0.9853091680319861,1.0352548037499556,1.186361413798822,1.384825725894359,1.6370255461377705,0.10735050426855729
v_subj(Con).36,2.1709448729828273,0.1678952329181247,1.9779634255473528,1.9915332585486432,2.2290598086142355,2.231256864278961,2.424911007924945,0.07508503078061743
v_subj(Rem).1,2.0287835482413485,0.08149639796489988,1.892908975546293,2.0182359029727888,2.0373370956041437,2.0474281542653685,2.148007612818148,0.036446297154178325
v_subj(Rem).2,1.751791452777578,0.14774339082677299,1.558051852074009,1.585061183015004,1.8564753447466587,1.871481354392781,1.8878875296594366,0.06607285302299665
v_subj(Rem).3,2.7747258860972606,0.1115419434864864,2.6336188082607603,2.7451199851369497,2.747085518559516,2.7714713772987807,2.976333741230298,0.04988307359564469
v_subj(Rem).4,1.8602263453186971,0.1417999379652318,1.7568065995717346,1.7668991689140456,1.8151032776161036,1.8232945148299518,2.1390281656616503,0.0634148600991023
v_subj(Rem).5,3.468532139180843,0.33387136625933506,2.9902850543502697,3.1901137771557266,3.5696104107100313,3.682309722756803,3.9103417309313846,0.14931181413932057
v_subj(Rem).6,2.239188591580987,0.2249013078987305,1.9603172404443145,2.162328252248802,2.187094382473941,2.2389551962867773,2.6472478864511,0.10057892253803435
v_subj(Rem).7,1.859235587679862,0.09277659824459884,1.694115396920634,1.8442885457312013,1.8630418747533997,1.9466782558097282,1.948053865184346,0.04149095607922213
v_subj(Rem).8,2.1635445247905514,0.06989863586474847,2.089448860441678,2.1097786814784953,2.12755268388296,2.219695332785492,2.271247065364133,0.031259620265616475
v_subj(Rem).9,1.107467298360722,0.28252197888250274,0.9130381824160415,0.9186935070512723,1.016952934105238,1.0239681337217972,1.6646837345092622,0.12634766998380723
v_subj(Rem).10,2.773423702359849,0.17161911077362238,2.4387269698789513,2.7953931689449103,2.841565493805379,2.885550200831766,2.905882678338239,0.07675039958557722
v_subj(Rem).11,1.868419443607372,0.1667974640534557,1.559989621535077,1.849654587554071,1.9286268699978637,1.9552233242412407,2.0486028147086066,0.07459409361962091
v_subj(Rem).12,2.419551134663215,0.1257442953485175,2.25593207367836,2.343482108396297,2.4167881817116,2.4483062329213614,2.633247076608458,0.05623455843641915
v_subj(Rem).13,1.7937253630286931,0.054205738246772224,1.758892234878639,1.7637539607845223,1.7675093993953674,1.7769859650255917,1.9014852550593455,0.024241543098068592
v_subj(Rem).14,0.5402615443956956,0.11444592368308784,0.3264895951004645,0.5327759264617985,0.5680643461807489,0.625819828375429,0.6481580258600372,0.0511817730206275
v_subj(Rem).15,1.2558903389846974,0.018921950915031183,1.2381414356845535,1.241789989601923,1.2421467025241293,1.2737819697121275,1.2835915974007532,0.008462153702584813
v_subj(Rem).16,1.4122373876744763,0.2162288114016199,1.2079848670818647,1.2544059417372604,1.254646174395046,1.6117487803346937,1.7324011748235177,0.09670046419760073
v_subj(Rem).17,1.4184710893912105,0.15051211016232088,1.2483629641429264,1.2777321889345707,1.4322122417031853,1.466524038821046,1.6675240133543232,0.06731106195197728
v_subj(Rem).18,2.621243978958945,0.11924703314533774,2.399134619825733,2.642102836808501,2.649648874300421,2.654813327083865,2.7605202367762054,0.053328894445629146
v_subj(Rem).19,2.8594064398700936,0.09015447617668491,2.730343403855084,2.8066811841208965,2.8563921734209146,2.9064378531465893,2.997177584806982,0.04031830744139056
v_subj(Rem).20,2.1677079663316046,0.07685849535234311,2.0400719302258103,2.1327027943571704,2.1951670426657786,2.2026745282502316,2.2679235361590333,0.03437216405123817
v_subj(Rem).21,3.0968387552433128,0.2320367388288373,2.780662597434053,2.8794212430136965,3.1719078036057815,3.2512354295161487,3.400966702646885,0.10376998425972903
v_subj(Rem).22,1.4222763892369208,0.11876591963847599,1.21619200052985,1.3980028747196522,1.4242822946707476,1.5100857571565578,1.5628190191077966,0.05311373394438191
v_subj(Rem).23,2.229998168354096,0.14313099914697888,2.0944405003088207,2.12023497055108,2.1410102336245482,2.3330880151562474,2.4612171221297845,0.06401012875602184
v_subj(Rem).24,1.251187071913385,0.0793208478953662,1.1827656151362282,1.1847266942477606,1.1979318412578648,1.3150346698049244,1.3754765391201478,0.03547336158539199
v_subj(Rem).25,0.5424786762192582,0.11963211150092458,0.3555323730999441,0.48643863678651234,0.5751531068172138,0.575917703680618,0.7193515607120031,0.05350110672158035
v_subj(Rem).26,1.470374973179182,0.06346008627378065,1.3597839511726786,1.4450662682009539,1.5003942532067898,1.5038406445966013,1.5427897487188873,0.02838021335323497
v_subj(Rem).27,2.164001259711681,0.1454028600500067,1.9025112051158066,2.1620129101996985,2.167797781545559,2.2514322798480317,2.3362521218493084,0.06502613583894068
v_subj(Rem).28,1.990214387437432,0.0821843313901428,1.920110024165943,1.9227178358281645,1.9291522736336488,2.069066226780605,2.110025576778799,0.03675395033474582
v_subj(Rem).29,2.372950623131813,0.167498159753631,2.170464087762488,2.193172689565244,2.399027034121882,2.5133463784095382,2.588742925799911,0.07490745426304767
v_subj(Rem).30,2.289846034551982,0.1522082047395342,2.0707178635948518,2.147257395377617,2.3781199575500445,2.392580562414681,2.460554393822715,0.06806957850616083
v_subj(Rem).31,1.456727915333524,0.12480747221711817,1.249843229877022,1.4183016472933714,1.47049128995006,1.5150121260190528,1.6299912835281136,0.055815598395478526
v_subj(Rem).32,1.831631905027972,0.029776192521899385,1.7820247771095548,1.8191251220283133,1.8360452198915,1.8523684892452321,1.86859591686526,0.013316318118017584
v_subj(Rem).33,2.3214217341424326,0.19557353605524505,2.05466837153688,2.131862942062897,2.3765645228027643,2.5040343464595813,2.53997848785004,0.08746314424390679
v_subj(Rem).34,1.7891316933340753,0.04647637946935624,1.714793731107053,1.7802877696201926,1.7873065317041872,1.803532803123092,1.859737631115853,0.02078486876831123
v_subj(Rem).35,1.1321011310650426,0.03791862037713065,1.0685545396698823,1.1134498114171885,1.1474983725824397,1.152562608013222,1.178440323642481,0.01695772255525457
v_subj(Rem).36,2.1574034960251574,0.10117188228810801,2.0579502083743972,2.0708671676945722,2.1039480008646163,2.2434007962569913,2.3108513069352106,0.045245441241563294
v_subj(Uad).1,1.648540644639633,0.06526779784064858,1.576580491565353,1.610786506903051,1.6189482538621078,1.6728238230546901,1.7635641478129627,0.02918864654268084
v_subj(Uad).2,1.7236401020340502,0.11223502033278313,1.538476404106456,1.6785170375758012,1.727868194714183,1.8132955719207986,1.8600433018530103,0.05019302698403483
v_subj(Uad).3,2.2588106308301628,0.12469402957487363,2.0476715000218095,2.2219605631282517,2.274454362588312,2.327190003231578,2.4227767251808627,0.05576486530355733
v_subj(Uad).4,1.8092010402089869,0.10329475958590877,1.7036577414203278,1.7235912604712356,1.7499099512193301,1.933001728767307,1.9358445191667344,0.046194820830718006
v_subj(Uad).5,3.42787835584178,0.4356853359276555,2.7125994672924043,3.200047595535426,3.4989262741040887,3.8519891059216578,3.8758293363553227,0.19484440558681382
v_subj(Uad).6,2.5582284778810305,0.08478984164376814,2.4531047744944745,2.464415210613367,2.5858505812647605,2.625757320403845,2.6620145026287063,0.03791916994338161
v_subj(Uad).7,1.746128817950455,0.11329683674929641,1.6411141413850807,1.657609293988862,1.6820991859342498,1.811476831704648,1.938344636739434,0.05066788572142462
v_subj(Uad).8,2.2820404088191477,0.11688680249120988,2.1281026265009158,2.2210881361086052,2.2497401074479844,2.3374235756419868,2.4738475983962473,0.052273367208587405
v_subj(Uad).9,0.9625317101193623,0.29892148847624583,0.6424137103640655,0.765583365182664,0.8436774467233137,1.0693259051393698,1.4916581231873987,0.13368175363366114
v_subj(Uad).10,2.5232205456066943,0.24935861128784448,2.154307694433015,2.3522287221339933,2.549601153200082,2.6993157659970586,2.860649392269323,0.11151656112291332
v_subj(Uad).11,1.738452546565553,0.09532805946688783,1.5624883297151215,1.7136756236263495,1.7887149857926614,1.811277292537652,1.81610650115598,0.04263200422622071
v_subj(Uad).12,2.100810197495819,0.13842830458180935,1.9594414565391478,1.9854119306581248,2.032985067767804,2.211970072886473,2.3142424596275433,0.06190701981099426
v_subj(Uad).13,1.597225536759397,0.08176833914387788,1.4421448612939551,1.590474918735847,1.6314841021392124,1.6575717042548024,1.6644520973731676,0.036567912946593575
v_subj(Uad).14,0.6668203087994263,0.32696201338203146,0.3065734396922898,0.3444398293475932,0.6151349748532591,0.9145302621786091,1.1534230379253805,0.14622185759648365
v_subj(Uad).15,1.3696881974122292,0.2235023979275175,1.123159886424993,1.1464985203916611,1.3393643716120995,1.5383570079674667,1.701061200664926,0.09995331098002744
v_subj(Uad).16,1.5276495319705152,0.09572251172480313,1.3909447596725724,1.4773833914952712,1.500456274199113,1.6132084045821946,1.656254829903425,0.042808408638736084
v_subj(Uad).17,1.3627934883718495,0.0986697447320483,1.287875444174094,1.2898234186748805,1.3180409949516698,1.3664227440559666,1.5518048400026354,0.044126451308682355
v_subj(Uad).18,2.7243849518057583,0.17260841610583713,2.48683051635046,2.653459243413491,2.6613960669326757,2.824844788299459,2.9953941440327068,0.07719283038024427
v_subj(Uad).19,2.9396894920704058,0.15467531519448763,2.691882449594571,2.8530224120682512,2.956804942738063,3.0932918870814516,3.103445768869691,0.06917290384321609
v_subj(Uad).20,2.4091251964332705,0.07769500871308176,2.2731809348270233,2.3743233765274416,2.448407942130219,2.4624850309905963,2.487228697691072,0.034746264198977854
v_subj(Uad).21,2.697230673082463,0.16187916994567417,2.517745645173191,2.5544316805251985,2.693229074932549,2.7481889568383013,2.972558007943073,0.07239456562795367
v_subj(Uad).22,1.2257216474810062,0.13400667036129857,1.0184218671054204,1.133399895135252,1.2846779721315909,1.2919399548727202,1.400168548160047,0.05992960487325398
v_subj(Uad).23,2.063939247024023,0.0488051955954057,1.9769052729117629,2.0442306801802625,2.090297438217542,2.1009050274504384,2.1073578163601083,0.02182634700130009
v_subj(Uad).24,1.3509638447193182,0.05455472170044065,1.2477283046848562,1.3532690723343932,1.3611906849350082,1.3961585731817878,1.3964725884605458,0.02439761324315364
v_subj(Uad).25,0.7438284272157244,0.09382852770465241,0.6490283315313544,0.6759164869935693,0.7331017517521339,0.7431855530120994,0.9179100127894647,0.04196139323526502
v_subj(Uad).26,1.674554252046788,0.17257414576551314,1.4967206394066792,1.506507135954174,1.6278128448463043,1.800923480023481,1.9408071600033008,0.07717750421812897
v_subj(Uad).27,2.0221497749796367,0.08780870318368564,1.9026294468892733,1.9655515342683993,2.0031430403749626,2.09085784194707,2.148567011418478,0.039269245866964654
v_subj(Uad).28,1.6237538337067843,0.06324319268380696,1.5189038351771793,1.6118473955959216,1.6137914091007834,1.667941190339072,1.7062853383209646,0.028283215591021944
v_subj(Uad).29,2.35001307352982,0.12167857510945038,2.1565379896214356,2.3382661801989486,2.3457668678248167,2.369596444185348,2.539897885818551,0.054416313070008986
v_subj(Uad).30,2.364349749533484,0.053789913596089416,2.274519145276582,2.356638003289961,2.3642900053445617,2.3850912395148733,2.4412103542414423,0.02405558066093922
v_subj(Uad).31,1.763963353964932,0.09896836018096196,1.579648927104242,1.7652981583693135,1.7871288624637942,1.8147742287306237,1.8729665931566863,0.04425999619726286
v_subj(Uad).32,2.030102805700385,0.03689127972670501,1.9704368619837505,2.01110194771348,2.0339375434038685,2.06163874241946,2.073398932981365,0.016498281849174453
v_subj(Uad).33,2.323115156196198,0.14882939770888776,2.157148675414914,2.1644745293194623,2.3574609627707277,2.3824152148997513,2.554076398576134,0.06655853006548489
v_subj(Uad).34,1.5780644295998,0.1507776188039471,1.3988271136189157,1.4756989145684574,1.500305443897946,1.7427817147345952,1.7727089611790867,0.06742980102623525
v_subj(Uad).35,1.3665232799386295,0.17912751519375514,1.0819048316165305,1.2362366042134898,1.446735025348409,1.5319592695038844,1.5357806690108333,0.08010826012277257
v_subj(Uad).36,2.1321413616600693,0.19021570334177715,1.8524593613117986,2.0225014332847686,2.1276342643205046,2.248135639383232,2.409976110000044,0.08506704861202952
t(Con),0.4366425885705665,0.010025244543398308,0.4194901683752849,0.43129322823109795,0.44209748378043107,0.44364083701796697,0.44669122544805184,0.004483425658019491
t(Rem),0.46414585186487106,0.01545604443793599,0.4348127580940164,0.46216415532656113,0.4731197089281372,0.4753045444319261,0.4753280925437144,0.00691215320529648
t(Uad),0.46634204343351976,0.009792771428778792,0.4503151114217519,0.4609534671175377,0.46890461402919886,0.4736110649379691,0.47792595966114126,0.004379460520573424
t_std,0.04622704833387711,0.0010566734422151939,0.04433747515517441,0.046137673853133755,0.046204988644323416,0.04719740746778464,0.04725769654896933,0.00047255872936237387
t_subj(Con).1,0.418683659031858,0.0016246913963851824,0.4155778073654131,0.41880786049119906,0.4190650977833418,0.41991191504541175,0.4200556144739241,0.0007265840809552648
t_subj(Con).2,0.41741233812107675,0.008407401964242694,0.40792240836228927,0.4085390142823737,0.41727782786364115,0.42406067497655153,0.429261765120528,0.0037599044612423842
t_subj(Con).3,0.4040206437939555,0.007403170495042892,0.3915559519427546,0.3994018888497535,0.4095292216499621,0.40980729226272183,0.4098088642645856,0.003310798495187335
t_subj(Con).4,0.43709213178896017,0.006289712249428697,0.42934388462492035,0.43352093025107535,0.43378331356670286,0.4425258116178395,0.4462867188842632,0.0028128448297271356
t_subj(Con).5,0.4697139351736454,0.00770270904592179,0.45528392109249305,0.4692887133310617,0.4730192086194466,0.47318382812139814,0.4777940047038276,0.003444756207516734
t_subj(Con).6,0.4034312080279447,0.007001233657039223,0.39661973271047907,0.3986042821614724,0.3986141754759005,0.40876095129751194,0.41455689849435984,0.00313104687669983
t_subj(Con).7,0.3962581921707346,0.008337548689013475,0.38586007053687726,0.3885199843332598,0.3965201065687304,0.4020524042889311,0.4083383951258745,0.0037286651268696766
t_subj(Con).8,0.4395314367914719,0.01220640227368408,0.42261856074273907,0.43027100460333906,0.4415209674130825,0.44542677333926106,0.45781987785893763,0.005458869048933119
t_subj(Con).9,0.5049330043339577,0.014432123027818664,0.4797710926973221,0.49800096106761416,0.5129007008074614,0.5153029864202157,0.5186892806771749,0.006454241629968524
t_subj(Con).10,0.39201009063207215,0.006234033726021542,0.3820881972407091,0.3902768711939324,0.39283785625568907,0.3933270005910206,0.4015205278790094,0.0027879446370820933
t_subj(Con).11,0.41450504188256493,0.009701612019092034,0.39622102238896684,0.41304685348511816,0.4200467286753723,0.4204570419299014,0.4227535629334663,0.004338692793203754
t_subj(Con).12,0.3999807403008113,0.02520630669291696,0.3696443335604633,0.3771571370053563,0.3956036910654517,0.42321935631195834,0.43427918356082695,0.011272603045414048
t_subj(Con).13,0.50654090227269,0.0064587092004671914,0.49751344241501466,0.5014116253505004,0.5073178543333293,0.510922425577797,0.5155391636868091,0.002888422563829591
t_subj(Con).14,0.5872212383217998,0.00508832279386715,0.5800189232510643,0.5824903790973861,0.5890203962052212,0.5917338732384817,0.5928426198168455,0.0022755671317097196
t_subj(Con).15,0.4735301401897141,0.008965937772475032,0.45711724540743315,0.47400851478418526,0.47411005594144073,0.4785513171905246,0.4838635676249866,0.004009689268257443
t_subj(Con).16,0.44203763649151695,0.010606676142905858,0.42889471235422577,0.43822716312399107,0.4406536109248198,0.4410770424583292,0.46133565359621864,0.0047434497741725545
t_subj(Con).17,0.4562833792688978,0.016406887470737416,0.43762640370711725,0.4463029687437935,0.44661821241452443,0.46946472191271993,0.48140458956633353,0.00733738313675169
t_subj(Con).18,0.43636667052524525,0.008471915786906804,0.42198535615835175,0.43265488276658093,0.43801844034033344,0.4441513512313345,0.44502332212962564,0.003788755919835447
t_subj(Con).19,0.4278732618153037,0.004678880350750139,0.4243207609738367,0.42496072985234684,0.42639044658363395,0.426623508163087,0.437070863503614,0.0020924589045730737
t_subj(Con).20,0.48933058829478443,0.007750279241981896,0.47863626720912683,0.4812510635633877,0.49425546556431404,0.4957376089273173,0.49677253620977646,0.003466030245935412
t_subj(Con).21,0.394553293134136,0.011710914894655533,0.3785509868664442,0.3866995678738671,0.3928863342850204,0.40287167222573755,0.4117579044196109,0.005237280356632912
t_subj(Con).22,0.42693081188157544,0.008790234045642664,0.4146459493804556,0.42362152547926724,0.4238774538991808,0.43171121313557875,0.4407979175133944,0.003931112172837997
t_subj(Con).23,0.42995143484426246,0.013296867715355085,0.4099855719092505,0.4183156764125872,0.4371370310587396,0.441770241109976,0.44254865373075875,0.0059465400198712584
t_subj(Con).24,0.5083727267977493,0.016655072739291052,0.4829888938398057,0.49745045043574965,0.5095452861400467,0.5243961157746415,0.5274828877985023,0.007448374963051684
t_subj(Con).25,0.5375926185535514,0.005961427835217089,0.5291214444313164,0.5324381696938227,0.5397827892501492,0.5411676427862565,0.5454530466062123,0.002666031576500965
t_subj(Con).26,0.42931673343569426,0.012295272708550513,0.4051801758993878,0.4322052163906734,0.43352374173413755,0.4368238509290654,0.4388506822252069,0.0054986131156433814
t_subj(Con).27,0.43345032511877796,0.011433841282936561,0.42287264270863356,0.4256432050217707,0.4263651291041568,0.4388961293581693,0.4534745194011598,0.0051133692705179114
t_subj(Con).28,0.4436179244768286,0.009393689035816884,0.42883949050182346,0.4390972697400872,0.44295297945308515,0.4524499271870016,0.45474995550214553,0.004200985448716202
t_subj(Con).29,0.4489794696861077,0.0036419437045093943,0.44452733471736705,0.4468049651870273,0.447196729714496,0.4519129786450519,0.4544553401665962,0.0016287267387020826
t_subj(Con).30,0.41874616631874717,0.01324414555861106,0.3970726810226841,0.4167251441655497,0.41798053405803964,0.423783286417484,0.43816918592997844,0.005922961954591251
t_subj(Con).31,0.411239349424946,0.010734191445710424,0.39719765726192735,0.40047997384738127,0.4148158690309611,0.418305581043582,0.42539766594087813,0.00480047635122105
t_subj(Con).32,0.4268539044575076,0.012624022048988402,0.40601977148517443,0.42158921527455046,0.4271899485626516,0.4384946641073102,0.4409759228578513,0.005645634290198849
t_subj(Con).33,0.4588430296878749,0.014414222467101688,0.4375840111979477,0.44829128198437884,0.4644585237871631,0.46483665680053887,0.4790446746693459,0.00644623625584882
t_subj(Con).34,0.4172210833871519,0.016973731155670496,0.39728015356471896,0.39852889664934904,0.41867947475516,0.4353656042735645,0.436251287692967,0.0075908833391770585
t_subj(Con).35,0.4805123738717042,0.009553289577568793,0.46268915748732964,0.4810527455338592,0.4826117060441732,0.4850470937792505,0.4911611665139085,0.004272360980836814
t_subj(Con).36,0.4487044712715691,0.01747253246149124,0.4195817845101085,0.4398409449390934,0.45670270669318186,0.4571355797363063,0.47026134047915535,0.007813954064593228
t_subj(Rem).1,0.49130112305084006,0.007196833861465212,0.47816278585031463,0.49008465648611854,0.4933159901621548,0.49594143699493415,0.4990007457606781,0.0032185219474017038
t_subj(Rem).2,0.4593589428069542,0.013019047835274489,0.43666801661494775,0.4553377457130574,0.46222113038595797,0.46783224143973995,0.47473557988106785,0.005822295192399048
t_subj(Rem).3,0.38198601057245796,0.005153407999881141,0.3765754704122679,0.3791142320912316,0.3792816033982418,0.38376459735256246,0.39119414960798604,0.002304674120705092
t_subj(Rem).4,0.4520756055087064,0.007992514396800491,0.44441933468292993,0.448735676297225,0.44878573761833335,0.4509494580539227,0.4674878208911214,0.0035743611004783247
t_subj(Rem).5,0.485685326199797,0.008834341536704078,0.4738616198899282,0.4780680766264596,0.487286798930601,0.4906860669153701,0.49852406863662607,0.003950837642504054
t_subj(Rem).6,0.3907450645496808,0.01051616186427353,0.37260381505954043,0.386003262903389,0.3941951630529527,0.3998977669053007,0.4010253148272208,0.004702970558181306
t_subj(Rem).7,0.4570329689791797,0.009650605555940254,0.4398955885190773,0.45652216844734295,0.4587283815203317,0.4604486308134829,0.46957007559566377,0.004315882009423911
t_subj(Rem).8,0.4715145993809663,0.009937429098388283,0.4524960089545548,0.47113209897402225,0.475932030830443,0.478741219550368,0.47927163859544347,0.004444153397116129
t_subj(Rem).9,0.4997641454303424,0.013730299655062275,0.4736933095887009,0.5011282257510152,0.502471176777926,0.5083417672402835,0.5131862477937865,0.006140376676032232
t_subj(Rem).10,0.40927573310311594,0.013844025809953225,0.3868896666530023,0.401030906201719,0.41298705909446176,0.4201794830053412,0.42529155056105533,0.006191236558663399
t_subj(Rem).11,0.4407747275223124,0.011382711378755225,0.42133475122841946,0.4382649773287284,0.443477415926382,0.44443627100144667,0.45636022212658534,0.005090503282231407
t_subj(Rem).12,0.39962248503717046,0.012979069960509697,0.3761176010754913,0.39711840056564734,0.40207984801977514,0.41112117440307416,0.41167540112186457,0.005804416543285038
t_subj(Rem).13,0.578820313414054,0.01176960771078096,0.5637535620625745,0.5723134233363425,0.5735305727942924,0.588100516140385,0.5964034927366761,0.005263528581962382
t_subj(Rem).14,0.5735947525901872,0.00828751881545232,0.5624777074163445,0.5647087474022342,0.5780278527331218,0.5813572866813673,0.5814021687178682,0.003706291087231984
t_subj(Rem).15,0.45107343986734116,0.01159633581357884,0.43366419016046875,0.44075249887316437,0.4582622713009237,0.4611010089429956,0.46158723005915375,0.005186039033815523
t_subj(Rem).16,0.4208417863967041,0.004367518754223577,0.41656316601848675,0.41662747570203224,0.41993670013770384,0.4228641789761624,0.42821741114913503,0.0019532137654898227
t_subj(Rem).17,0.3989033065841869,0.008264285648288768,0.3827322629595771,0.40054947035619176,0.4016198050834766,0.40450643238414835,0.40510856213754054,0.0036959008990099206
t_subj(Rem).18,0.48949368109656577,0.019582416195461208,0.4710273927110684,0.47481063430526227,0.47924366054604217,0.498664502460336,0.5237222154601199,0.008757522755348813
t_subj(Rem).19,0.46587787900345523,0.00899107805278633,0.4481890369956933,0.46739901379322396,0.4706241789808435,0.4708021969108145,0.47237496833670106,0.004020932343407335
t_subj(Rem).20,0.5021694439996209,0.0036806732694719428,0.4962026071941193,0.5003704630000625,0.5033902537477343,0.5037115777196156,0.5071723183365728,0.001646047126701133
t_subj(Rem).21,0.4407139932679652,0.012557846821152156,0.4242718569109291,0.4307538733016672,0.4404771080354862,0.4483735419539312,0.459693586137812,0.005616039828625173
t_subj(Rem).22,0.43236971020644493,0.005983014377595888,0.42520113409974214,0.428269140884894,0.43016176695710123,0.43636160385304396,0.44185490523744353,0.0026756853717325997
t_subj(Rem).23,0.4287010949708788,0.0216212438906881,0.3971091993104178,0.4138300792542909,0.42789782468613735,0.45183181669166317,0.452836554911885,0.009669314219536125
t_subj(Rem).24,0.4927516857619588,0.005309386522087433,0.4846951111697662,0.4884026787238726,0.4957632509488223,0.4960464863522107,0.4988509016151222,0.002374429836441738
t_subj(Rem).25,0.5639738117309183,0.005687545025991797,0.5528971929528812,0.5650183031171312,0.5660147312198935,0.567004184603838,0.5689346467608479,0.002543547460641693
t_subj(Rem).26,0.4605114038904425,0.013005964770252038,0.44890432649869016,0.44905867904040875,0.45204234535764104,0.473917130963117,0.4786345375923557,0.005816444267850198
t_subj(Rem).27,0.4727854031952921,0.004289566279608614,0.4668892958482656,0.4700013245287432,0.47225828614738385,0.47554221265761143,0.47923589679445605,0.001918352359039146
t_subj(Rem).28,0.5045416498241848,0.00751413148001946,0.4931492663078024,0.49816294528775684,0.5092581510017176,0.5095890643566502,0.5125488221669972,0.003360421756238923
t_subj(Rem).29,0.4700490214928507,0.0038435184341857965,0.4654563328991635,0.4659496630737152,0.4712254371188651,0.4720264818135571,0.4755871925589527,0.0017188736983225984
t_subj(Rem).30,0.4268434664777933,0.00827502487261783,0.4143354788468532,0.4208090433058269,0.42822850103092247,0.4349693494478293,0.43587495975753504,0.0037007036261350007
t_subj(Rem).31,0.4429973530789167,0.01756631862472486,0.41213835213838645,0.43516381417744676,0.4529930669392942,0.45438204601969145,0.46030948611976463,0.00785589651186108
t_subj(Rem).32,0.44542809848342024,0.0037743462568458714,0.4410122943011952,0.44150563500628814,0.445394935926055,0.4488070049602883,0.45042062222327456,0.0016879389601858498
t_subj(Rem).33,0.469848995072779,0.0033582324631481033,0.46374681358437725,0.4688318286512071,0.47135874803456573,0.47242548552863023,0.47288209956511457,0.0015018472143691433
t_subj(Rem).34,0.4646834070385758,0.008058395582815145,0.4546134223332924,0.45910702487873023,0.461890242805044,0.4712219278318588,0.47658441734395374,0.0036038240625517397
t_subj(Rem).35,0.5355530643122364,0.008388088834493058,0.5258315992199853,0.5289902345114292,0.5330278996721807,0.5410240800246711,0.5488915081329159,0.003751267367046692
t_subj(Rem).36,0.4540657316454439,0.010343904011037791,0.44016452723291283,0.4427257272020897,0.46193162149643024,0.46235371149823595,0.4631530707975508,0.004625934504282647
t_subj(Uad).1,0.4495430007768295,0.006556999834905813,0.4415597709874391,0.44161133418899634,0.45399149318282445,0.45409306144752926,0.45645934407735844,0.002932379471860859
t_subj(Uad).2,0.431872515115005,0.015382545845948208,0.40840596576651045,0.4221797267604804,0.43232216102315457,0.4469388834219956,0.44951583860288413,0.00687928363570944
t_subj(Uad).3,0.3950310368122356,0.012282369238513752,0.37410019183037696,0.393160999872517,0.39674964240592964,0.3989577638921827,0.41218658606017194,0.005492842508413815
t_subj(Uad).4,0.4686706392592015,0.004717485893113007,0.46053264125953236,0.46689392719056455,0.4705131698967706,0.47098703583192,0.47442642211721997,0.0021097238279793977
t_subj(Uad).5,0.517843600447736,0.009007160416565064,0.5056858447288394,0.5080153087227314,0.5249156474851637,0.5252271223045448,0.5253740789974007,0.004028124595136961
t_subj(Uad).6,0.3913043829177553,0.004762396020664023,0.38661496920084903,0.3867167068910543,0.39135540055815154,0.39218902112796467,0.3996458168107567,0.0021298082475958496
t_subj(Uad).7,0.44405439391196844,0.021875750234697695,0.4214193526378325,0.42545672380837785,0.43263160915455895,0.46740362165412463,0.47336066230494833,0.009783132916718205
t_subj(Uad).8,0.4550571727183691,0.010910304262536585,0.4433977504390873,0.4465163777979176,0.4490042934468569,0.4665968206568663,0.46977062125111735,0.0048792363972475035
t_subj(Uad).9,0.5257255058512724,0.005431681812595731,0.5175094515714969,0.5228934549194109,0.5249849378486574,0.5306306692898305,0.5326090156269665,0.0024291219530226654
t_subj(Uad).10,0.40286417208947434,0.012948267536487512,0.38634543063363647,0.39113768639812946,0.4020914251297841,0.41559969832704025,0.4191466199587816,0.005790641280487963
t_subj(Uad).11,0.4427889308135448,0.012410543108041728,0.4192410243968361,0.4449732081732979,0.44504519962446976,0.44893698469051907,0.45574823718260166,0.0055501636054545635
t_subj(Uad).12,0.41138702224126594,0.012387289375328433,0.3892731655864414,0.4062603552894362,0.41878933686473413,0.420889119214691,0.4217231342510271,0.005539764220039056
t_subj(Uad).13,0.5482351546358695,0.003206101157109247,0.5442229264086212,0.5454392471645371,0.5477357304567892,0.5513738088527358,0.5524040602966639,0.0014338120260074018
t_subj(Uad).14,0.5581356553825645,0.008245853797150536,0.5464844335930679,0.5505331277499935,0.5606503960993668,0.5665042829082441,0.5665060365621499,0.003687657924590672
t_subj(Uad).15,0.44541271746245537,0.011218630216274134,0.4258182695976296,0.4410389279423005,0.44885328652723694,0.4543190172893013,0.45703408595580824,0.005017123955604426
t_subj(Uad).16,0.43223872602919566,0.0028435296161678607,0.4296603086130944,0.42980689336661637,0.4316825664132779,0.4325658684834315,0.43747799326955816,0.0012716651035570442
t_subj(Uad).17,0.43161124701731257,0.014318195379194876,0.40632658452932624,0.4258388544538866,0.4382405596348048,0.44157635907010007,0.44607387739844506,0.006403291636600624
t_subj(Uad).18,0.4655022870714755,0.002479971205670045,0.46280973390732844,0.4629097046849384,0.46503267030871265,0.46835925571006504,0.4684000707463329,0.0011090768396240663
t_subj(Uad).19,0.4453982378115485,0.007167203653621424,0.432727425888336,0.44262487175445847,0.44922996509411933,0.44940219134257553,0.45300673497825344,0.003205270915616472
t_subj(Uad).20,0.49473362315755426,0.0026214457216151925,0.491300408106892,0.49234792511569453,0.4950473569785554,0.4965835945712484,0.4983888310153813,0.001172346166571512
t_subj(Uad).21,0.42460603961095583,0.00672581348883258,0.4132782638687995,0.4217844427628626,0.42631480103747593,0.4286356084766973,0.43301708190894367,0.0030078752330029344
t_subj(Uad).22,0.3928529125547883,0.0050911870347731605,0.38649859089360705,0.3884754455573653,0.39317379566296845,0.3952507985125513,0.40086593214744964,0.0022768480591836746
t_subj(Uad).23,0.4182659344114087,0.012820201868330652,0.40656235100293786,0.4069755218025012,0.41000592878061304,0.43329854659473654,0.43448732387625477,0.005733368572571429
t_subj(Uad).24,0.48770289833855907,0.014957872768298325,0.4730277600051079,0.47343308511881926,0.48384112606753765,0.495543296826169,0.5126692236751613,0.006689364061741603
t_subj(Uad).25,0.5714950998291322,0.01105003732378759,0.550413719940664,0.5710354496728982,0.575941907975089,0.5800271414597954,0.5800572800972146,0.00494172692197978
t_subj(Uad).26,0.45910703717187673,0.0062946498155055045,0.44769333248238374,0.45696967481213135,0.46273162909589843,0.46341187209097945,0.46472867737799073,0.0028150529764053634
t_subj(Uad).27,0.47887121941458083,0.012793065322571615,0.4555867046096371,0.4762920231616251,0.4820519263154562,0.4891842557566788,0.491241187229507,0.00572123274037308
t_subj(Uad).28,0.4965489417133887,0.00562671987876473,0.4883695643053976,0.4936268966772321,0.49629339023183355,0.49920223561955146,0.5052526217329288,0.002516345627853462
t_subj(Uad).29,0.48579715241873994,0.002464235881527442,0.48116610232529006,0.4860009473685453,0.4863224567240852,0.4870461377154653,0.48845011796031373,0.0011020397887378957
t_subj(Uad).30,0.4435102013309023,0.004405341252415443,0.4380820041328683,0.4405617919711209,0.44350134833547583,0.4442591925255079,0.4511466696895384,0.0019701285008969977
t_subj(Uad).31,0.4430431509679635,0.01264555410501813,0.42222464281500466,0.4363772248356147,0.44768260342744226,0.45003652098825314,0.4588947627735027,0.00565526371839441
t_subj(Uad).32,0.4447079737654436,0.014401250931233938,0.4188416842936845,0.4424342210378668,0.4466563929152489,0.45497992594074055,0.4606276446396771,0.006440435208654246
t_subj(Uad).33,0.4781762769019515,0.019498306218418134,0.4489887830074747,0.4608940882968941,0.49121930127991215,0.4916074829758014,0.49817172894967526,0.008719907630097962
t_subj(Uad).34,0.4407905787765998,0.009668554404147552,0.42741875565527926,0.4312163695488471,0.4446659320028005,0.45013907391942587,0.4505127627566462,0.0043239089783657795
t_subj(Uad).35,0.5068717951320008,0.01303875851209794,0.48932701988934313,0.503130707735734,0.5047595215170719,0.5073897820374869,0.5297519444803677,0.0058311100750510015
t_subj(Uad).36,0.45132430515653715,0.015336160341075317,0.4254637250590436,0.44711427799933656,0.4525515967630855,0.45974511033636795,0.4717468156248523,0.006858539407296154
sv,0.5227145291678993,0.04763339189451607,0.46817296900049055,0.47295218748743745,0.5342411316449607,0.5421128891370927,0.5960934685695154,0.021302300455005082
sz,0.01777788847908318,0.003880403958493816,0.013970896228616641,0.014348705702461275,0.015693822094228156,0.021644785632093926,0.023231232738015903,0.001735369406270289
st,0.10050723674762226,0.018853042195275924,0.07325959935536067,0.08268616344523545,0.1103607220954656,0.118030051538495,0.11819964730355455,0.008431336786261765
